image,y1_norm,y2_norm,y3_norm,y4_norm,y5_norm,y6_norm,y7_norm,y8_norm,y9_norm,y10_norm,y11_norm,y12_norm,y13_norm,y14_norm,y15_norm,y16_norm,y17_norm,y18_norm,y19_norm,y20_norm
sample_000.png,0.48137964215712686,0.5131637161085921,0.43279266179058895,0.4502608088876996,0.47170541074627065,0.5215081077401922,0.47382652914508583,0.5345968876739728,0.5382060378044174,0.5142044258831954,0.5126615974682522,0.48966502129818174,0.5196316884817548,0.5655654739452108,0.5938286904965225,0.5623820384814588,0.603512787843448,0.6095157506924943,0.6242964437621801,0.6137937526167816
sample_001.png,0.5417085216894523,0.5569998823476839,0.5065630082141823,0.5311410978651981,0.5452614787164499,0.5167255623578121,0.5444479767058434,0.5447546497414734,0.5263995162347874,0.559254945137328,0.591310387351956,0.5837980010105711,0.608637406120887,0.5260292177253849,0.5564878909791571,0.5410331137911776,0.5708846952245599,0.6005786675895011,0.6013014248174416,0.5870974990670842
sample_002.png,0.47388832685387644,0.49179573873287113,0.4326864431899234,0.4326707542145665,0.43936279419163854,0.42564782343753454,0.4375796554273234,0.41074396624220755,0.36182329788080836,0.3658601823534869,0.39282796390989816,0.3653568895256,0.37447252455300994,0.3613168665843729,0.3572378483619013,0.335944882880684,0.32868444196545,0.2862516888385214,0.305032635571224,0.3158373926780191
